<xml version="1.0">
<dashboard>
	<static-widget class="edu.wpi.first.smartdashboard.gui.elements.CameraServerViewer">
		<location x="201" y="16"/>
		<width>562</width>
		<height>441</height>
		<property name="Camera Choice" value=""/>
	</static-widget>
	<widget field="Left Speed" type="Number" class="edu.wpi.first.smartdashboard.gui.elements.TextBox">
		<location x="0" y="63"/>
	</widget>
	<widget field="Right Speed" type="Number" class="edu.wpi.first.smartdashboard.gui.elements.TextBox">
		<location x="0" y="42"/>
	</widget>
	<widget field="Turning Distance" type="Number" class="edu.wpi.first.smartdashboard.gui.elements.TextBox">
		<location x="0" y="21"/>
	</widget>
	<widget field="Distance" type="Number" class="edu.wpi.first.smartdashboard.gui.elements.TextBox">
		<location x="0" y="0"/>
	</widget>
</dashboard>
<live-window>
</live-window>
</xml>